{"Training Loss Client 6": 2.400390625, "_timestamp": 1720464344.9792657, "_runtime": 91.59252977371216, "_step": 23, "Training Loss Client 9": 2.2669921875, "Training Loss Client 1": 2.2306640625, "Training Loss Client 2": 2.27861328125, "Training Loss Client 0": 2.244921875, "Training Loss Client 3": 2.253125, "Training Loss Client 8": 2.28984375, "Training Loss Client 4": 2.2833984375, "Training Loss Client 5": 2.2556640625, "Training Loss Client 7": 2.283203125, "_wandb": {"runtime": 92}}