{"Training Loss Client 6": 1.74130859375, "_timestamp": 1720465186.75761, "_runtime": 37.49118208885193, "_step": 6, "Training Loss Client 9": 1.8283203125, "Training Loss Client 1": 0.0, "Training Loss Client 2": 0.0, "Training Loss Client 0": 0.0, "Training Loss Client 3": 0.0, "_wandb": {"runtime": 39}}