{"Training Loss Client 6": 2.16005859375, "_timestamp": 1720464600.6169796, "_runtime": 187.80909848213196, "_step": 53, "Training Loss Client 9": 2.22451171875, "Training Loss Client 1": 2.15869140625, "Training Loss Client 2": 2.2384765625, "Training Loss Client 0": 2.244140625, "Training Loss Client 3": 2.253125, "Training Loss Client 8": 2.247265625, "Training Loss Client 4": 2.256640625, "Training Loss Client 5": 2.223828125, "Training Loss Client 7": 2.257421875, "_wandb": {"runtime": 190}}