{"Training Loss Client 6": 2.27421875, "_timestamp": 1720455198.0075378, "_runtime": 725.8458797931671, "_step": 166, "Training Loss Client 9": 2.2724609375, "Training Loss Client 1": 2.308203125, "Training Loss Client 2": 2.259375, "Training Loss Client 0": 2.1861328125, "Training Loss Client 3": 2.2322265625, "Training Loss Client 8": 2.255078125, "Training Loss Client 4": 2.2943359375, "Training Loss Client 5": 2.22890625, "Training Loss Client 7": 2.2548828125}