{"Training Loss Client 0": 2.6130859375, "_timestamp": 1720465926.466198, "_runtime": 172.4617269039154, "_step": 33, "Training Loss Client 2": 2.7322265625, "Training Loss Client 4": 2.709765625, "Training Loss Client 6": 2.7439453125, "Training Loss Client 9": 2.734765625, "Training Loss Client 1": 2.7294921875, "Training Loss Client 3": 2.6505859375, "Training Loss Client 7": 2.8521484375, "Training Loss Client 8": 2.7265625, "Training Loss Client 5": 2.8775390625, "_wandb": {"runtime": 176}}