{"Training Loss Client 6": 2.4150390625, "_timestamp": 1720463902.9951718, "_runtime": 87.029944896698, "_step": 20, "Training Loss Client 9": 2.34140625, "Training Loss Client 1": 2.2423828125, "Training Loss Client 2": 2.28984375, "Training Loss Client 0": 2.253125, "Training Loss Client 3": 2.2623046875, "Training Loss Client 8": 2.3037109375, "Training Loss Client 4": 2.2947265625, "Training Loss Client 5": 2.2634765625, "Training Loss Client 7": 2.2435546875, "_wandb": {"runtime": 89}}