{"Training Loss Client 6": 2.9388671875, "_timestamp": 1720465085.5703824, "_runtime": 137.29334425926208, "_step": 41, "Training Loss Client 9": 2.962890625, "Training Loss Client 1": 2.74609375, "Training Loss Client 2": 2.9296875, "Training Loss Client 0": 2.8640625, "Training Loss Client 3": 2.876953125, "Training Loss Client 8": 2.8962890625, "Training Loss Client 4": 2.89453125, "Training Loss Client 5": 2.773046875, "Training Loss Client 7": 2.887109375, "_wandb": {"runtime": 139}}