{"Training Loss Client 0": 2.29609375, "_timestamp": 1720454287.3296106, "_runtime": 71.81401658058167, "_step": 10, "Training Loss Client 2": 2.4052734375, "Training Loss Client 4": 2.317578125, "Training Loss Client 6": 2.3451171875, "Training Loss Client 9": 2.3482421875, "Training Loss Client 1": 2.3546875, "Training Loss Client 3": 2.3474609375, "_wandb": {"runtime": 73}}