{"Training Loss Client 0": 2.2482421875, "_timestamp": 1720466231.605613, "_runtime": 161.5115931034088, "_step": 11, "Training Loss Client 2": 2.35, "Training Loss Client 4": 2.4814453125, "Training Loss Client 6": 2.409765625, "Training Loss Client 9": 2.542578125, "Training Loss Client 1": 2.3556640625, "Training Loss Client 3": 2.36640625}