{"Training Loss Client 6": 2.415234375, "_timestamp": 1720464170.2600627, "_runtime": 66.35887861251831, "_step": 15, "Training Loss Client 9": 2.3416015625, "Training Loss Client 1": 2.2419921875, "Training Loss Client 2": 2.2896484375, "Training Loss Client 0": 2.297265625, "Training Loss Client 3": 2.2169921875, "Training Loss Client 8": 2.3037109375, "Training Loss Client 4": 2.294140625, "Training Loss Client 5": 2.2345703125, "_wandb": {"runtime": 67}}