{"Training Loss Client 0": 2.394140625, "_timestamp": 1720467436.6047363, "_runtime": 1108.4536662101746, "_step": 137, "Training Loss Client 2": 2.3150390625, "Training Loss Client 4": 2.4173828125, "Training Loss Client 6": 2.402734375, "Training Loss Client 9": 2.3625, "Training Loss Client 1": 2.3939453125, "Training Loss Client 3": 2.1953125, "Training Loss Client 7": 2.43359375, "Training Loss Client 8": 2.5111328125, "Training Loss Client 5": 2.3296875, "_wandb": {"runtime": 1113}}