{"Training Loss Client 6": 2.76015625, "_timestamp": 1720465680.5328119, "_runtime": 107.70929098129272, "_step": 17, "Training Loss Client 9": 2.72119140625, "Training Loss Client 1": 2.7234375, "Training Loss Client 2": 2.89453125, "Training Loss Client 0": 2.6130859375, "Training Loss Client 3": 2.79375, "Training Loss Client 8": 2.7255859375, "Training Loss Client 4": 2.703515625, "Training Loss Client 5": 2.7166015625, "_wandb": {"runtime": 110}}