{"Training Loss Client 0": 2.13251953125, "_timestamp": 1720468791.9994798, "_runtime": 1155.7803688049316, "_step": 77, "Training Loss Client 6": 2.2921875, "Training Loss Client 9": 2.35888671875, "Training Loss Client 1": 2.2234375, "Training Loss Client 2": 2.20703125, "Training Loss Client 4": 2.286328125, "Training Loss Client 8": 2.2873046875, "Training Loss Client 3": 2.206640625, "Training Loss Client 5": 2.16025390625, "Training Loss Client 7": 2.2154296875, "_wandb": {"runtime": 1165}}