{"Training Loss Client 0": 2.36328125, "_timestamp": 1720469575.496299, "_runtime": 636.1305041313171, "_step": 73, "Training Loss Client 1": 2.4080078125, "Training Loss Client 2": 2.3666015625, "Training Loss Client 3": 2.4064453125, "Training Loss Client 4": 2.40830078125, "_wandb": {"runtime": 639}}